2e369d,127.0.0.1,GET,http://localhost/Documents/Evaluation/web/app_dev.php/,1479820373,,200
45707a,127.0.0.1,GET,http://localhost/Documents/Evaluation/web/app_dev.php/,1479820551,,200
a62a4d,127.0.0.1,GET,http://localhost/Documents/Evaluation/web/app_dev.php/,1479820781,,200
68a9b8,127.0.0.1,GET,http://localhost/Documents/Evaluation/web/app_dev.php/,1479820799,,200
18d719,127.0.0.1,GET,http://localhost/Documents/Evaluation/web/app_dev.php/,1479820954,,200
5789d7,127.0.0.1,GET,http://localhost/Documents/Evaluation/web/app_dev.php/media,1479820968,,200
420a20,127.0.0.1,GET,http://localhost/Documents/Evaluation/web/app_dev.php/media,1479820971,,200
4b593e,127.0.0.1,GET,http://localhost/Documents/Evaluation/web/app_dev.php/,1479821489,094a8b,200
094a8b,127.0.0.1,GET,http://localhost/Documents/Evaluation/web/app_dev.php/,1479821489,,500
eae251,::1,GET,http://www.localhost/Documents/Evaluation/web/app_dev.php/,1479821704,,200
986096,::1,GET,http://www.localhost/Documents/Evaluation/web/app_dev.php/,1479821707,,200
9775cb,::1,GET,http://www.localhost/Documents/Evaluation/web/app_dev.php/media,1479821717,,301
ddd0c1,::1,GET,http://www.localhost/Documents/Evaluation/web/app_dev.php/media/,1479821717,6fc6f1,200
6fc6f1,::1,GET,http://www.localhost/Documents/Evaluation/web/app_dev.php/media/,1479821717,,500
b2831c,::1,GET,http://www.localhost/Documents/Evaluation/web/app_dev.php/media/,1479821758,,200
a219f7,::1,GET,http://www.localhost/Documents/Evaluation/web/app_dev.php/,1479821761,,200
c2c778,::1,GET,http://www.localhost/Documents/Evaluation/web/app_dev.php/media,1479821778,,301
4e6cb7,::1,GET,http://www.localhost/Documents/Evaluation/web/app_dev.php/media/,1479821778,,200
ec8c33,::1,GET,http://www.localhost/Documents/Evaluation/web/app_dev.php/media/,1479821780,,200
e1a304,::1,GET,http://www.localhost/Documents/Evaluation/web/app_dev.php/media/,1479821783,,200
ab1936,::1,GET,http://www.localhost/Documents/Evaluation/web/app_dev.php/media/,1479821941,,200
c04da9,::1,GET,http://www.localhost/Documents/Evaluation/web/app_dev.php/media/,1479821951,,200
4b0bdb,::1,GET,http://www.localhost/Documents/Evaluation/web/app_dev.php/media/,1479821952,,200
094059,::1,GET,http://www.localhost/Documents/Evaluation/web/app_dev.php/media/index,1479821963,a9acf9,200
a9acf9,::1,GET,http://www.localhost/Documents/Evaluation/web/app_dev.php/media/index,1479821963,,404
9ff39c,::1,GET,http://www.localhost/Documents/Evaluation/web/app_dev.php//index,1479821968,f4b8db,200
f4b8db,::1,GET,http://www.localhost/Documents/Evaluation/web/app_dev.php//index,1479821968,,404
24f7ca,::1,GET,http://www.localhost/Documents/Evaluation/web/app_dev.php/index,1479821970,a4a05c,200
a4a05c,::1,GET,http://www.localhost/Documents/Evaluation/web/app_dev.php/index,1479821970,,404
b04fd2,::1,GET,http://www.localhost/Documents/Evaluation/web/app_dev.php/media,1479821973,,301
061f6c,::1,GET,http://www.localhost/Documents/Evaluation/web/app_dev.php/media/,1479821973,,200
226b49,::1,GET,http://www.localhost/Documents/Evaluation/web/app_dev.php/media/,1479822006,e96802,200
e96802,::1,GET,http://www.localhost/Documents/Evaluation/web/app_dev.php/media/,1479822006,,404
7893bf,::1,GET,http://www.localhost/Documents/Evaluation/web/app_dev.php/media/,1479822031,d55d26,200
d55d26,::1,GET,http://www.localhost/Documents/Evaluation/web/app_dev.php/media/,1479822031,,404
8cddf8,::1,GET,http://www.localhost/Documents/Evaluation/web/app_dev.php/media/,1479822036,,200
85146e,::1,GET,http://www.localhost/Documents/Evaluation/web/app_dev.php/media/,1479822054,,200
1d766c,::1,GET,http://www.localhost/Documents/Evaluation/web/app_dev.php/media/,1479822182,5e033e,200
5e033e,::1,GET,http://www.localhost/Documents/Evaluation/web/app_dev.php/media/,1479822182,,404
eceadb,::1,GET,http://www.localhost/Documents/Evaluation/web/app_dev.php/,1479822185,,200
e18289,::1,GET,http://www.localhost/Documents/Evaluation/web/app_dev.php/,1479822292,,200
233240,::1,GET,http://www.localhost/Documents/Evaluation/web/app_dev.php/,1479822312,,200
9c179a,::1,GET,http://www.localhost/Documents/Evaluation/web/app_dev.php/,1479822946,395918,200
395918,::1,GET,http://www.localhost/Documents/Evaluation/web/app_dev.php/,1479822946,,500
70fc79,::1,GET,http://www.localhost/Documents/Evaluation/web/app_dev.php/,1479823032,0d567f,200
0d567f,::1,GET,http://www.localhost/Documents/Evaluation/web/app_dev.php/,1479823032,,500
8b6995,::1,GET,http://www.localhost/Documents/Evaluation/web/app_dev.php/index,1479823091,ebb259,200
ebb259,::1,GET,http://www.localhost/Documents/Evaluation/web/app_dev.php/index,1479823091,,404
c689a5,::1,GET,http://www.localhost/Documents/Evaluation/web/app_dev.php/index,1479823110,115819,200
115819,::1,GET,http://www.localhost/Documents/Evaluation/web/app_dev.php/index,1479823110,,404
ec3879,::1,GET,http://www.localhost/Documents/Evaluation/web/app_dev.php/new,1479823126,6c63e6,200
6c63e6,::1,GET,http://www.localhost/Documents/Evaluation/web/app_dev.php/new,1479823126,,404
cd3911,::1,GET,http://www.localhost/Documents/Evaluation/web/app_dev.php/new,1479823161,3e93ab,200
3e93ab,::1,GET,http://www.localhost/Documents/Evaluation/web/app_dev.php/new,1479823161,,404
29cc17,::1,GET,http://www.localhost/Documents/Evaluation/web/app_dev.php/,1479823164,,200
3d0f29,::1,GET,http://www.localhost/Documents/Evaluation/web/app_dev.php/new,1479823169,328ede,200
328ede,::1,GET,http://www.localhost/Documents/Evaluation/web/app_dev.php/new,1479823169,,404
a48cc0,::1,GET,http://www.localhost/Documents/Evaluation/web/app_dev.php/new,1479823356,c4eb52,200
c4eb52,::1,GET,http://www.localhost/Documents/Evaluation/web/app_dev.php/new,1479823356,,404
d9923f,::1,GET,http://www.localhost/Documents/Evaluation/web/app_dev.php/,1479823359,,200
22809a,::1,GET,http://www.localhost/Documents/Evaluation/web/app_dev.php/media,1479823363,32a918,200
32a918,::1,GET,http://www.localhost/Documents/Evaluation/web/app_dev.php/media,1479823363,,404
62aa45,::1,GET,http://www.localhost/Documents/Evaluation/web/app_dev.php/album,1479823366,,301
8c0ba9,::1,GET,http://www.localhost/Documents/Evaluation/web/app_dev.php/album/,1479823366,,200
485643,::1,GET,http://www.localhost/Documents/Evaluation/web/app_dev.php/album/new,1479823377,,200
dbcc50,::1,GET,http://www.localhost/Documents/Evaluation/web/app_dev.php/album/,1479823379,,200
c9cba5,::1,GET,http://www.localhost/Documents/Evaluation/web/app_dev.php/album/new,1479823380,,200
a2824a,::1,GET,http://www.localhost/Documents/Evaluation/web/app_dev.php/,1479823448,,200
02f2e8,::1,GET,http://www.localhost/Documents/Evaluation/web/app_dev.php/album,1479823459,,301
89a5fc,::1,GET,http://www.localhost/Documents/Evaluation/web/app_dev.php/album/,1479823459,,200
a833e4,::1,GET,http://www.localhost/Documents/Evaluation/web/app_dev.php/album/new,1479823490,,200
46e6fb,::1,POST,http://www.localhost/Documents/Evaluation/web/app_dev.php/album/new,1479823535,,302
24df03,::1,GET,http://www.localhost/Documents/Evaluation/web/app_dev.php/album/1,1479823535,,200
fa9470,::1,GET,http://www.localhost/Documents/Evaluation/web/app_dev.php/album/,1479823538,,200
d2cf71,::1,GET,http://www.localhost/Documents/Evaluation/web/app_dev.php/album/1/edit,1479824213,debcdf,200
debcdf,::1,GET,http://www.localhost/Documents/Evaluation/web/app_dev.php/album/1/edit,1479824213,,500
bbc231,::1,GET,http://www.localhost/Documents/Evaluation/web/app_dev.php/album/new,1479824217,d300ec,200
d300ec,::1,GET,http://www.localhost/Documents/Evaluation/web/app_dev.php/album/new,1479824217,,500
9d5a66,::1,GET,http://www.localhost/Documents/Evaluation/web/app_dev.php/album,1479824307,,301
5d0e90,::1,GET,http://www.localhost/Documents/Evaluation/web/app_dev.php/album/,1479824307,,200
f956a8,::1,GET,http://www.localhost/Documents/Evaluation/web/app_dev.php/album/1/edit,1479824311,a7b2d4,200
a7b2d4,::1,GET,http://www.localhost/Documents/Evaluation/web/app_dev.php/album/1/edit,1479824311,,500
c40dbb,::1,GET,http://www.localhost/Documents/Evaluation/web/app_dev.php/album/new,1479824559,fec01d,200
fec01d,::1,GET,http://www.localhost/Documents/Evaluation/web/app_dev.php/album/new,1479824559,,500
91d17d,::1,GET,http://www.localhost/Documents/Evaluation/web/app_dev.php/album/new,1479824658,d14a51,200
d14a51,::1,GET,http://www.localhost/Documents/Evaluation/web/app_dev.php/album/new,1479824658,,500
d24372,::1,GET,http://www.localhost/Documents/Evaluation/web/app_dev.php/album/new,1479824660,86d3cd,200
86d3cd,::1,GET,http://www.localhost/Documents/Evaluation/web/app_dev.php/album/new,1479824660,,500
d88443,127.0.0.1,GET,http://localhost/Documents/Evaluation/web/app_dev.php/,1479824760,,200
d655fd,127.0.0.1,GET,http://localhost/Documents/Evaluation/web/app_dev.php/album,1479824766,,301
076212,127.0.0.1,GET,http://localhost/Documents/Evaluation/web/app_dev.php/album/,1479824766,,200
2dffbf,127.0.0.1,GET,http://localhost/Documents/Evaluation/web/app_dev.php/album/new,1479824768,f067f1,200
f067f1,127.0.0.1,GET,http://localhost/Documents/Evaluation/web/app_dev.php/album/new,1479824768,,500
8ae4d8,127.0.0.1,GET,http://localhost/Documents/Evaluation/web/app_dev.php/album/new,1479824801,578f8d,200
578f8d,127.0.0.1,GET,http://localhost/Documents/Evaluation/web/app_dev.php/album/new,1479824801,,500
bb1be6,127.0.0.1,GET,http://localhost/Documents/Evaluation/web/app_dev.php/album/new,1479824860,f02344,200
f02344,127.0.0.1,GET,http://localhost/Documents/Evaluation/web/app_dev.php/album/new,1479824860,,500
4e903b,127.0.0.1,GET,http://localhost/Documents/Evaluation/web/app_dev.php/album/new,1479824874,261161,200
261161,127.0.0.1,GET,http://localhost/Documents/Evaluation/web/app_dev.php/album/new,1479824874,,500
a0a1f4,127.0.0.1,GET,http://localhost/Documents/Evaluation/web/app_dev.php/album/new,1479824886,5ba276,200
5ba276,127.0.0.1,GET,http://localhost/Documents/Evaluation/web/app_dev.php/album/new,1479824886,,500
71068a,127.0.0.1,GET,http://localhost/Documents/Evaluation/web/app_dev.php/album/new,1479824902,,200
3ebfc8,127.0.0.1,GET,http://localhost/Documents/Evaluation/web/app_dev.php/album/,1479824904,,200
557485,127.0.0.1,GET,http://localhost/Documents/Evaluation/web/app_dev.php/album/1/edit,1479824907,,200
becda4,127.0.0.1,POST,http://localhost/Documents/Evaluation/web/app_dev.php/album/1/edit,1479824921,,302
8428d0,127.0.0.1,GET,http://localhost/Documents/Evaluation/web/app_dev.php/album/1/edit,1479824921,,200
031063,127.0.0.1,GET,http://localhost/Documents/Evaluation/web/app_dev.php/album/,1479824922,,200
7b6586,127.0.0.1,GET,http://localhost/Documents/Evaluation/web/app_dev.php/album/,1479825433,,200
73c753,127.0.0.1,GET,http://localhost/Documents/Evaluation/web/app_dev.php/album/new,1479825435,64ed99,200
64ed99,127.0.0.1,GET,http://localhost/Documents/Evaluation/web/app_dev.php/album/new,1479825435,,500
0151e6,127.0.0.1,GET,http://localhost/Documents/Evaluation/web/app_dev.php/album/1/edit,1479825439,f74ade,200
f74ade,127.0.0.1,GET,http://localhost/Documents/Evaluation/web/app_dev.php/album/1/edit,1479825439,,500
e4c018,127.0.0.1,GET,http://localhost/Documents/Evaluation/web/app_dev.php/album/,1479825514,,200
1818a3,127.0.0.1,GET,http://localhost/Documents/Evaluation/web/app_dev.php/album/new,1479825516,282f35,200
282f35,127.0.0.1,GET,http://localhost/Documents/Evaluation/web/app_dev.php/album/new,1479825516,,500
c53ca4,127.0.0.1,GET,http://localhost/Documents/Evaluation/web/app_dev.php/album/,1479825758,0f3be1,200
0f3be1,127.0.0.1,GET,http://localhost/Documents/Evaluation/web/app_dev.php/album/,1479825758,,500
81a1ce,127.0.0.1,GET,http://localhost/Documents/Evaluation/web/app_dev.php/album/,1479825944,,200
c78d98,127.0.0.1,GET,http://localhost/Documents/Evaluation/web/app_dev.php/album/new,1479825948,099693,200
099693,127.0.0.1,GET,http://localhost/Documents/Evaluation/web/app_dev.php/album/new,1479825948,,500
ea47b1,127.0.0.1,GET,http://localhost/Documents/Evaluation/web/app_dev.php/album/1,1479825953,14f97c,200
14f97c,127.0.0.1,GET,http://localhost/Documents/Evaluation/web/app_dev.php/album/1,1479825953,,500
7d6181,127.0.0.1,GET,http://localhost/Documents/Evaluation/web/app_dev.php/album/,1479826129,,200
a81c55,127.0.0.1,GET,http://localhost/Documents/Evaluation/web/app_dev.php/album/1/edit,1479826132,6cab7f,200
6cab7f,127.0.0.1,GET,http://localhost/Documents/Evaluation/web/app_dev.php/album/1/edit,1479826132,,500
5b37e1,127.0.0.1,GET,http://localhost/Documents/Evaluation/web/app_dev.php/album/,1479826203,92eac2,200
92eac2,127.0.0.1,GET,http://localhost/Documents/Evaluation/web/app_dev.php/album/,1479826203,,500
af574f,127.0.0.1,GET,http://localhost/Documents/Evaluation/web/app_dev.php/album/1/edit,1479826224,d8c25c,200
d8c25c,127.0.0.1,POST,http://localhost/Documents/Evaluation/web/app_dev.php/album/1/edit,1479826224,,500
90dda4,127.0.0.1,GET,http://localhost/Documents/Evaluation/web/app_dev.php/album/1/edit,1479826257,c1ce7d,200
c1ce7d,127.0.0.1,POST,http://localhost/Documents/Evaluation/web/app_dev.php/album/1/edit,1479826257,,500
d9a8d8,127.0.0.1,GET,http://localhost/Documents/Evaluation/web/app_dev.php/album,1479826259,,301
6cf0c5,127.0.0.1,GET,http://localhost/Documents/Evaluation/web/app_dev.php/album/,1479826260,326b4a,200
326b4a,127.0.0.1,GET,http://localhost/Documents/Evaluation/web/app_dev.php/album/,1479826260,,500
1a8a18,127.0.0.1,GET,http://localhost/Documents/Evaluation/web/app_dev.php/album/,1479826270,6d346e,200
6d346e,127.0.0.1,GET,http://localhost/Documents/Evaluation/web/app_dev.php/album/,1479826270,,500
8584ae,127.0.0.1,GET,http://localhost/Documents/Evaluation/web/app_dev.php/album/,1479826281,0306d5,200
0306d5,127.0.0.1,GET,http://localhost/Documents/Evaluation/web/app_dev.php/album/,1479826281,,500
d47d31,127.0.0.1,GET,http://localhost/Documents/Evaluation/web/app_dev.php/album/,1479826288,73f1b7,200
73f1b7,127.0.0.1,GET,http://localhost/Documents/Evaluation/web/app_dev.php/album/,1479826288,,500
3225ca,127.0.0.1,GET,http://localhost/Documents/Evaluation/web/app_dev.php/album/,1479826292,b53edf,200
b53edf,127.0.0.1,GET,http://localhost/Documents/Evaluation/web/app_dev.php/album/,1479826292,,500
34373f,127.0.0.1,GET,http://localhost/Documents/Evaluation/web/app_dev.php/album/,1479826300,,200
7f7477,127.0.0.1,GET,http://localhost/Documents/Evaluation/web/app_dev.php/album/1,1479826303,b28723,200
b28723,127.0.0.1,GET,http://localhost/Documents/Evaluation/web/app_dev.php/album/1,1479826303,,500
884827,127.0.0.1,GET,http://localhost/Documents/Evaluation/web/app_dev.php/album/new,1479826306,996bb3,200
996bb3,127.0.0.1,GET,http://localhost/Documents/Evaluation/web/app_dev.php/album/new,1479826306,,500
a10bd5,127.0.0.1,GET,http://localhost/Documents/Evaluation/web/app_dev.php/album/1/edit,1479826308,d41622,200
d41622,127.0.0.1,GET,http://localhost/Documents/Evaluation/web/app_dev.php/album/1/edit,1479826308,,500
b0feed,127.0.0.1,GET,http://localhost/Documents/Evaluation/web/app_dev.php/album/,1479826465,,200
9481cc,127.0.0.1,GET,http://localhost/Documents/Evaluation/web/app_dev.php/album/new,1479826466,50d5a7,200
50d5a7,127.0.0.1,GET,http://localhost/Documents/Evaluation/web/app_dev.php/album/new,1479826466,,500
aa51a4,::1,GET,http://www.localhost/Documents/Evaluation/web/app_dev.php/album/,1479826617,38221c,200
38221c,::1,GET,http://www.localhost/Documents/Evaluation/web/app_dev.php/album/,1479826617,,500
73c002,::1,GET,http://www.localhost/Documents/Evaluation/web/app_dev.php/album/,1479826621,74ea97,200
74ea97,::1,GET,http://www.localhost/Documents/Evaluation/web/app_dev.php/album/,1479826621,,500
e11f2f,::1,GET,http://www.localhost/Documents/Evaluation/web/app_dev.php/album/,1479826629,,200
b883fc,::1,GET,http://www.localhost/Documents/Evaluation/web/app_dev.php/album/new,1479826631,06d6a2,200
06d6a2,::1,GET,http://www.localhost/Documents/Evaluation/web/app_dev.php/album/new,1479826631,,500
301dc2,::1,GET,http://www.localhost/Documents/Evaluation/web/app_dev.php/album/new,1479826660,,200
b0451d,::1,GET,http://www.localhost/Documents/Evaluation/web/app_dev.php/album/,1479826662,,200
6102e8,::1,GET,http://www.localhost/Documents/Evaluation/web/app_dev.php/album/1/edit,1479826665,,200
b9458e,::1,GET,http://www.localhost/Documents/Evaluation/web/app_dev.php/album/,1479826667,,200
a9e6dd,::1,GET,http://www.localhost/Documents/Evaluation/web/app_dev.php/album/1/edit,1479826738,,200
51b4f6,::1,GET,http://www.localhost/Documents/Evaluation/web/app_dev.php/album/1/edit,1479826766,101708,200
101708,::1,GET,http://www.localhost/Documents/Evaluation/web/app_dev.php/album/1/edit,1479826766,,500
00d480,::1,GET,http://www.localhost/Documents/Evaluation/web/app_dev.php/album/1/edit,1479826785,ea8056,200
ea8056,::1,GET,http://www.localhost/Documents/Evaluation/web/app_dev.php/album/1/edit,1479826785,,500
72f1ae,::1,GET,http://www.localhost/Documents/Evaluation/web/app_dev.php/album/,1479826789,,200
922b47,::1,GET,http://www.localhost/Documents/Evaluation/web/app_dev.php/album/new,1479826791,,200
522870,::1,GET,http://www.localhost/Documents/Evaluation/web/app_dev.php/album/,1479826794,,200
db5808,::1,GET,http://www.localhost/Documents/Evaluation/web/app_dev.php/album/,1479826807,,200
882746,::1,GET,http://www.localhost/Documents/Evaluation/web/app_dev.php/album/1,1479826809,,200
baa59f,::1,GET,http://www.localhost/Documents/Evaluation/web/app_dev.php/album/,1479826811,,200
18e2e3,::1,GET,http://www.localhost/Documents/Evaluation/web/app_dev.php/album/1/edit,1479826812,,200
003031,127.0.0.1,GET,http://localhost/Documents/Evaluation/web/app_dev.php/album/,1479826864,,200
737c25,127.0.0.1,GET,http://localhost/Documents/Evaluation/web/app_dev.php/album/1/edit,1479826867,,200
c4082a,::1,GET,http://www.localhost/Documents/Evaluation/web/app_dev.php/album/1/edit,1479826967,,200
bddcb0,::1,GET,http://www.localhost/Documents/Evaluation/web/app_dev.php/album/1/edit,1479827024,,200
06cc6e,::1,GET,http://www.localhost/Documents/Evaluation/web/app_dev.php/album/1/edit,1479827077,,200
98c2d9,::1,GET,http://www.localhost/Documents/Evaluation/web/app_dev.php/album/1/edit,1479827123,,200
8d5831,::1,POST,http://www.localhost/Documents/Evaluation/web/app_dev.php/album/1/edit,1479827130,,302
76b34d,::1,GET,http://www.localhost/Documents/Evaluation/web/app_dev.php/album/1/edit,1479827130,,200
14556b,::1,GET,http://www.localhost/Documents/Evaluation/web/app_dev.php/album/,1479827133,,200
7ad165,::1,GET,http://www.localhost/Documents/Evaluation/web/app_dev.php/album/1/edit,1479827136,,200
7c44b6,::1,GET,http://www.localhost/Documents/Evaluation/web/app_dev.php/album/1/edit,1479827605,,200
e03618,::1,GET,http://www.localhost/Documents/Evaluation/web/app_dev.php/album/1/edit,1479827608,,200
7a1120,::1,GET,http://www.localhost/Documents/Evaluation/web/app_dev.php/album/,1479827610,,200
474aa2,::1,GET,http://www.localhost/Documents/Evaluation/web/app_dev.php/album/,1479827611,,200
dd6f48,::1,GET,http://www.localhost/Documents/Evaluation/web/app_dev.php/album/index,1479827614,48c794,200
48c794,::1,GET,http://www.localhost/Documents/Evaluation/web/app_dev.php/album/index,1479827614,,404
1de226,::1,GET,http://www.localhost/Documents/Evaluation/web/app_dev.php/album/,1479827616,,200
84a600,::1,GET,http://www.localhost/Documents/Evaluation/web/app_dev.php/album/,1479827658,,200
05f34a,::1,GET,http://www.localhost/Documents/Evaluation/web/app_dev.php/album/,1479827699,2b1c84,200
2b1c84,::1,GET,http://www.localhost/Documents/Evaluation/web/app_dev.php/album/,1479827699,,500
af850d,::1,GET,http://www.localhost/Documents/Evaluation/web/app_dev.php/album/,1479827730,5d409d,200
5d409d,::1,GET,http://www.localhost/Documents/Evaluation/web/app_dev.php/album/,1479827730,,500
4bc98e,::1,GET,http://www.localhost/Documents/Evaluation/web/app_dev.php/album/,1479827732,0963c0,200
0963c0,::1,GET,http://www.localhost/Documents/Evaluation/web/app_dev.php/album/,1479827732,,500
5a2abd,::1,GET,http://www.localhost/Documents/Evaluation/web/app_dev.php/album/,1479827741,,200
adab07,::1,GET,http://www.localhost/Documents/Evaluation/web/app_dev.php/album/,1479827743,,200
b1363c,::1,GET,http://www.localhost/Documents/Evaluation/web/app_dev.php/album/,1479827811,,200
6a90d6,::1,GET,http://www.localhost/Documents/Evaluation/web/app_dev.php/album/1,1479827824,,200
805f6e,::1,GET,http://www.localhost/Documents/Evaluation/web/app_dev.php/album/,1479827831,,200
463e0d,::1,GET,http://www.localhost/Documents/Evaluation/web/app_dev.php/album/1/edit,1479827833,,200
53220f,::1,GET,http://www.localhost/Documents/Evaluation/web/app_dev.php/album/,1479827837,,200
4c4ca4,::1,GET,http://www.localhost/Documents/Evaluation/web/app_dev.php/album/1,1479827913,,200
02f2a1,::1,GET,http://www.localhost/Documents/Evaluation/web/app_dev.php/album/1,1479827915,,200
330e90,::1,GET,http://www.localhost/Documents/Evaluation/web/app_dev.php/album/1/edit,1479827917,,200
bd2849,::1,GET,http://www.localhost/Documents/Evaluation/web/app_dev.php/album/1/edit,1479827991,,200
04966f,::1,GET,http://www.localhost/Documents/Evaluation/web/app_dev.php/album/,1479828029,,200
ff1ad8,::1,GET,http://www.localhost/Documents/Evaluation/web/app_dev.php/album/,1479828186,,200
2ae7f2,::1,GET,http://www.localhost/Documents/Evaluation/web/app_dev.php/album/new,1479828187,,200
534fb8,::1,GET,http://www.localhost/Documents/Evaluation/web/app_dev.php/album/,1479828191,,200
1b2250,::1,GET,http://www.localhost/Documents/Evaluation/web/app_dev.php/album/1,1479828193,,200
324ea4,::1,DELETE,http://www.localhost/Documents/Evaluation/web/app_dev.php/album/1,1479828621,,302
bc6b1c,::1,GET,http://www.localhost/Documents/Evaluation/web/app_dev.php/album/,1479828621,,200
f3059c,::1,GET,http://www.localhost/Documents/Evaluation/web/app_dev.php/album/new,1479828625,,200
f91558,::1,GET,http://www.localhost/Documents/Evaluation/web/app_dev.php/album/new,1479828665,,200
2b9024,::1,GET,http://www.localhost/Documents/Evaluation/web/app_dev.php/album/new,1479828671,,200
aba6de,::1,GET,http://www.localhost/Documents/Evaluation/web/app_dev.php/album/new,1479828779,,200
3953f5,::1,GET,http://www.localhost/Documents/Evaluation/web/app_dev.php/album/,1479828780,,200
2401c0,::1,GET,http://www.localhost/Documents/Evaluation/web/app_dev.php/album/new,1479828786,,200
e8782d,::1,GET,http://www.localhost/Documents/Evaluation/web/app_dev.php/album/,1479828788,,200
dfaabb,::1,GET,http://www.localhost/Documents/Evaluation/web/app_dev.php/album/new,1479828791,,200
1b44c5,::1,GET,http://www.localhost/Documents/Evaluation/web/app_dev.php/album/new,1479828806,f59506,200
f59506,::1,POST,http://www.localhost/Documents/Evaluation/web/app_dev.php/album/new,1479828806,,500
b4f130,::1,GET,http://www.localhost/Documents/Evaluation/web/app_dev.php/album/new,1479828977,ddd5b3,200
ddd5b3,::1,POST,http://www.localhost/Documents/Evaluation/web/app_dev.php/album/new,1479828977,,500
156b55,::1,GET,http://www.localhost/Documents/Evaluation/web/app_dev.php/album/,1479828980,,200
eb10a2,::1,GET,http://www.localhost/Documents/Evaluation/web/app_dev.php/album/new,1479828982,,200
4ee06e,::1,GET,http://www.localhost/Documents/Evaluation/web/app_dev.php/album/,1479828985,,200
7119e3,::1,GET,http://www.localhost/Documents/Evaluation/web/app_dev.php/album/new,1479828987,,200
e6081a,::1,GET,http://www.localhost/Documents/Evaluation/web/app_dev.php/album/new,1479828994,704109,200
704109,::1,POST,http://www.localhost/Documents/Evaluation/web/app_dev.php/album/new,1479828994,,500
eae737,::1,GET,http://www.localhost/Documents/Evaluation/web/app_dev.php/album/new,1479829075,b75cd9,200
b75cd9,::1,POST,http://www.localhost/Documents/Evaluation/web/app_dev.php/album/new,1479829075,,500
738af3,::1,GET,http://www.localhost/Documents/Evaluation/web/app_dev.php/album/,1479829078,,200
28e804,::1,GET,http://www.localhost/Documents/Evaluation/web/app_dev.php/album/new,1479829080,4724f8,200
4724f8,::1,GET,http://www.localhost/Documents/Evaluation/web/app_dev.php/album/new,1479829080,,500
3fd103,::1,GET,http://www.localhost/Documents/Evaluation/web/app_dev.php/album/new,1479829086,4703c1,200
4703c1,::1,GET,http://www.localhost/Documents/Evaluation/web/app_dev.php/album/new,1479829086,,500
828cb3,::1,GET,http://www.localhost/Documents/Evaluation/web/app_dev.php/album,1479829100,,301
3c0745,::1,GET,http://www.localhost/Documents/Evaluation/web/app_dev.php/album/,1479829100,,200
a97918,::1,GET,http://www.localhost/Documents/Evaluation/web/app_dev.php/album/new,1479829103,c782e0,200
c782e0,::1,GET,http://www.localhost/Documents/Evaluation/web/app_dev.php/album/new,1479829103,,500
4837fb,::1,GET,http://www.localhost/Documents/Evaluation/web/app_dev.php/album/new,1479829149,745daa,200
745daa,::1,GET,http://www.localhost/Documents/Evaluation/web/app_dev.php/album/new,1479829149,,500
b0ffc3,::1,GET,http://www.localhost/Documents/Evaluation/web/app_dev.php/album/,1479829151,,200
4a2725,::1,GET,http://www.localhost/Documents/Evaluation/web/app_dev.php/album/,1479829155,,200
775ddf,::1,GET,http://www.localhost/Documents/Evaluation/web/app_dev.php/album/,1479829177,,200
680be8,::1,GET,http://www.localhost/Documents/Evaluation/web/app_dev.php/album/,1479829212,,200
916975,::1,GET,http://www.localhost/Documents/Evaluation/web/app_dev.php/album/new,1479829214,90a16e,200
90a16e,::1,GET,http://www.localhost/Documents/Evaluation/web/app_dev.php/album/new,1479829214,,500
ce981a,::1,GET,http://www.localhost/Documents/Evaluation/web/app_dev.php/album/new,1479829294,f276fd,200
f276fd,::1,GET,http://www.localhost/Documents/Evaluation/web/app_dev.php/album/new,1479829294,,500
ff56e8,::1,GET,http://www.localhost/Documents/Evaluation/web/app_dev.php/album/new,1479829302,a66843,200
a66843,::1,GET,http://www.localhost/Documents/Evaluation/web/app_dev.php/album/new,1479829302,,500
106b45,::1,GET,http://www.localhost/Documents/Evaluation/web/app_dev.php/album/new,1479829305,0c3f16,200
0c3f16,::1,GET,http://www.localhost/Documents/Evaluation/web/app_dev.php/album/new,1479829305,,500
618abc,::1,GET,http://www.localhost/Documents/Evaluation/web/app_dev.php/album/,1479829308,,200
6dbb63,::1,GET,http://www.localhost/Documents/Evaluation/web/app_dev.php/album/new,1479829310,271133,200
271133,::1,GET,http://www.localhost/Documents/Evaluation/web/app_dev.php/album/new,1479829310,,500
adcd5b,::1,GET,http://www.localhost/Documents/Evaluation/web/app_dev.php/album/show,1479829318,475024,200
475024,::1,GET,http://www.localhost/Documents/Evaluation/web/app_dev.php/album/show,1479829318,,404
e6bc84,::1,GET,http://www.localhost/Documents/Evaluation/web/app_dev.php/album/show,1479829472,b3f444,200
b3f444,::1,GET,http://www.localhost/Documents/Evaluation/web/app_dev.php/album/show,1479829472,,500
fd774f,::1,GET,http://www.localhost/Documents/Evaluation/web/app_dev.php/album,1479829475,,301
29d305,::1,GET,http://www.localhost/Documents/Evaluation/web/app_dev.php/album/,1479829475,981e3e,200
981e3e,::1,GET,http://www.localhost/Documents/Evaluation/web/app_dev.php/album/,1479829475,,500
badf7d,::1,GET,http://www.localhost/Documents/Evaluation/web/app_dev.php/album/,1479829486,,200
62fbba,::1,GET,http://www.localhost/Documents/Evaluation/web/app_dev.php/album/new,1479829488,8d6f9d,200
8d6f9d,::1,GET,http://www.localhost/Documents/Evaluation/web/app_dev.php/album/new,1479829488,,500
c03404,::1,GET,http://www.localhost/Documents/Evaluation/web/app_dev.php/album/,1479829589,,200
13297e,::1,GET,http://www.localhost/Documents/Evaluation/web/app_dev.php/album/edit,1479829627,c45e01,200
c45e01,::1,GET,http://www.localhost/Documents/Evaluation/web/app_dev.php/album/edit,1479829627,,404
88f783,::1,GET,http://www.localhost/Documents/Evaluation/web/app_dev.php/album/,1479829632,,200
090ac5,::1,GET,http://www.localhost/Documents/Evaluation/web/app_dev.php/album/,1479829721,,200
4c8a5a,::1,GET,http://www.localhost/Documents/Evaluation/web/app_dev.php/album/,1479829738,,200
cefe9a,::1,GET,http://www.localhost/Documents/Evaluation/web/app_dev.php/album/,1479829761,,200
b8dfb7,::1,GET,http://www.localhost/Documents/Evaluation/web/app_dev.php/album/,1479829774,,200
197654,::1,GET,http://www.localhost/Documents/Evaluation/web/app_dev.php/album/,1479829785,,200
296fb6,::1,GET,http://www.localhost/Documents/Evaluation/web/app_dev.php/album/,1479829800,,200
58573c,::1,GET,http://www.localhost/Documents/Evaluation/web/app_dev.php/album/,1479829827,,200
b345d9,::1,GET,http://www.localhost/Documents/Evaluation/web/app_dev.php/album/,1479829835,,200
c9e348,::1,GET,http://www.localhost/Documents/Evaluation/web/app_dev.php/album/,1479829836,,200
bdb32e,::1,GET,http://www.localhost/Documents/Evaluation/web/app_dev.php/album/,1479829858,,200
b8bff2,::1,GET,http://www.localhost/Documents/Evaluation/web/app_dev.php/album/,1479829884,,200
8daae2,::1,GET,http://www.localhost/Documents/Evaluation/web/app_dev.php/album/,1479829920,,200
59f680,::1,GET,http://www.localhost/Documents/Evaluation/web/app_dev.php/album/,1479829922,,200
84b915,::1,GET,http://www.localhost/Documents/Evaluation/web/app_dev.php/album/new,1479829924,766960,200
766960,::1,GET,http://www.localhost/Documents/Evaluation/web/app_dev.php/album/new,1479829924,,500
728aa8,::1,GET,http://www.localhost/Documents/Evaluation/web/app_dev.php/album/,1479829950,,200
d418c5,::1,GET,http://www.localhost/Documents/Evaluation/web/app_dev.php/album/,1479829976,,200
aeb24b,::1,GET,http://www.localhost/Documents/Evaluation/web/app_dev.php/album/,1479829979,,200
5fbcc4,::1,GET,http://www.localhost/Documents/Evaluation/web/app_dev.php/album/,1479829999,,200
8438d6,::1,GET,http://www.localhost/Documents/Evaluation/web/app_dev.php/album/,1479830002,,200
333848,::1,GET,http://www.localhost/Documents/Evaluation/web/app_dev.php/album/,1479830003,,200
0d914c,::1,GET,http://www.localhost/Documents/Evaluation/web/app_dev.php/album/,1479830099,,200
012582,::1,GET,http://www.localhost/Documents/Evaluation/web/app_dev.php/album/,1479830142,,200
7a2aff,::1,GET,http://www.localhost/Documents/Evaluation/web/app_dev.php/album/new,1479830144,4c4963,200
4c4963,::1,GET,http://www.localhost/Documents/Evaluation/web/app_dev.php/album/new,1479830144,,500
c0b09b,::1,GET,http://www.localhost/Documents/Evaluation/web/app_dev.php/album/new,1479830284,0a6478,200
0a6478,::1,GET,http://www.localhost/Documents/Evaluation/web/app_dev.php/album/new,1479830284,,500
16b817,::1,GET,http://www.localhost/Documents/Evaluation/web/app_dev.php/album/,1479830288,,200
6bff1a,::1,GET,http://www.localhost/Documents/Evaluation/web/app_dev.php/album/new,1479830290,3a4473,200
3a4473,::1,GET,http://www.localhost/Documents/Evaluation/web/app_dev.php/album/new,1479830290,,500
39e4a4,::1,GET,http://www.localhost/Documents/Evaluation/web/app_dev.php/album/new,1479830312,e08bd6,200
e08bd6,::1,GET,http://www.localhost/Documents/Evaluation/web/app_dev.php/album/new,1479830312,,500
631a93,::1,GET,http://www.localhost/Documents/Evaluation/web/app_dev.php/album/new,1479830318,fa30ae,200
fa30ae,::1,GET,http://www.localhost/Documents/Evaluation/web/app_dev.php/album/new,1479830318,,500
9f4dff,::1,GET,http://www.localhost/Documents/Evaluation/web/app_dev.php/album/,1479830320,,200
50f4a2,::1,GET,http://www.localhost/Documents/Evaluation/web/app_dev.php/album/new,1479830322,e67b54,200
e67b54,::1,GET,http://www.localhost/Documents/Evaluation/web/app_dev.php/album/new,1479830322,,500
106ff0,::1,GET,http://www.localhost/Documents/Evaluation/web/app_dev.php/album/show,1479830328,36c789,200
36c789,::1,GET,http://www.localhost/Documents/Evaluation/web/app_dev.php/album/show,1479830328,,404
0b5789,::1,GET,http://www.localhost/Documents/Evaluation/web/app_dev.php/album/show,1479830375,1810c4,200
1810c4,::1,GET,http://www.localhost/Documents/Evaluation/web/app_dev.php/album/show,1479830375,,404
140519,::1,GET,http://www.localhost/Documents/Evaluation/web/app_dev.php/album/,1479830467,,200
498957,::1,GET,http://www.localhost/Documents/Evaluation/web/app_dev.php/album/new,1479830469,1f93c5,200
1f93c5,::1,GET,http://www.localhost/Documents/Evaluation/web/app_dev.php/album/new,1479830469,,500
88a983,::1,GET,http://www.localhost/Documents/Evaluation/web/app_dev.php/album/new,1479830699,5d202e,200
5d202e,::1,GET,http://www.localhost/Documents/Evaluation/web/app_dev.php/album/new,1479830699,,500
e89c19,::1,GET,http://www.localhost/Documents/Evaluation/web/app_dev.php/album,1479830701,,301
41c672,::1,GET,http://www.localhost/Documents/Evaluation/web/app_dev.php/album/,1479830701,,200
b0597f,::1,GET,http://www.localhost/Documents/Evaluation/web/app_dev.php/album/new,1479830703,b7d83e,200
b7d83e,::1,GET,http://www.localhost/Documents/Evaluation/web/app_dev.php/album/new,1479830703,,500
d09431,::1,GET,http://www.localhost/Documents/Evaluation/web/app_dev.php/album,1479830815,,301
0da39c,::1,GET,http://www.localhost/Documents/Evaluation/web/app_dev.php/album/,1479830816,,200
519074,::1,GET,http://www.localhost/Documents/Evaluation/web/app_dev.php/album/,1479830818,,200
1658e6,::1,GET,http://www.localhost/Documents/Evaluation/web/app_dev.php/album/new,1479830819,1e9134,200
1e9134,::1,GET,http://www.localhost/Documents/Evaluation/web/app_dev.php/album/new,1479830819,,500
312d05,::1,GET,http://www.localhost/Documents/Evaluation/web/app_dev.php/album/new,1479830902,fff6e2,200
fff6e2,::1,GET,http://www.localhost/Documents/Evaluation/web/app_dev.php/album/new,1479830902,,500
09f6d0,::1,GET,http://www.localhost/Documents/Evaluation/web/app_dev.php/album/,1479830905,,200
8978ad,::1,GET,http://www.localhost/Documents/Evaluation/web/app_dev.php/album/,1479830907,,200
b05473,::1,GET,http://www.localhost/Documents/Evaluation/web/app_dev.php/album/new,1479830911,57644d,200
57644d,::1,GET,http://www.localhost/Documents/Evaluation/web/app_dev.php/album/new,1479830911,,500
7d1ef2,::1,GET,http://www.localhost/Documents/Evaluation/web/app_dev.php/album/new,1479830949,ae9b75,200
ae9b75,::1,GET,http://www.localhost/Documents/Evaluation/web/app_dev.php/album/new,1479830949,,500
9a7b09,::1,GET,http://www.localhost/Documents/Evaluation/web/app_dev.php/album/new,1479831011,38fbfa,200
38fbfa,::1,GET,http://www.localhost/Documents/Evaluation/web/app_dev.php/album/new,1479831011,,500
0ffe45,::1,GET,http://www.localhost/Documents/Evaluation/web/app_dev.php/album/,1479831014,,200
b3dba1,::1,GET,http://www.localhost/Documents/Evaluation/web/app_dev.php/album/new,1479831021,102ca5,200
102ca5,::1,GET,http://www.localhost/Documents/Evaluation/web/app_dev.php/album/new,1479831021,,500
851bee,::1,GET,http://www.localhost/Documents/Evaluation/web/app_dev.php/album/new,1479831068,3fb276,200
3fb276,::1,GET,http://www.localhost/Documents/Evaluation/web/app_dev.php/album/new,1479831068,,500
f385cf,::1,GET,http://www.localhost/Documents/Evaluation/web/app_dev.php/album/,1479831071,,200
35aa9a,::1,GET,http://www.localhost/Documents/Evaluation/web/app_dev.php/album/new,1479831072,12de3c,200
12de3c,::1,GET,http://www.localhost/Documents/Evaluation/web/app_dev.php/album/new,1479831072,,500
b9e243,::1,GET,http://www.localhost/Documents/Evaluation/web/app_dev.php/album,1479831075,,301
c7f524,::1,GET,http://www.localhost/Documents/Evaluation/web/app_dev.php/album/,1479831075,,200
0c5754,::1,GET,http://www.localhost/Documents/Evaluation/web/app_dev.php/album/,1479831086,,200
ea8073,::1,GET,http://www.localhost/Documents/Evaluation/web/app_dev.php/album/new,1479831087,,200
646c7a,::1,GET,http://www.localhost/Documents/Evaluation/web/app_dev.php/album/,1479831092,,200
eccad6,::1,GET,http://www.localhost/Documents/Evaluation/web/app_dev.php/album/new,1479831093,,200
c4e00d,::1,GET,http://www.localhost/Documents/Evaluation/web/app_dev.php/album/,1479831097,,200
c390cd,::1,GET,http://www.localhost/Documents/Evaluation/web/app_dev.php/album/new,1479831105,,200
7e20c9,::1,GET,http://www.localhost/Documents/Evaluation/web/app_dev.php/album/,1479831108,,200
d9d0e3,::1,GET,http://www.localhost/Documents/Evaluation/web/app_dev.php/,1479831453,c1d56b,200
c1d56b,::1,GET,http://www.localhost/Documents/Evaluation/web/app_dev.php/,1479831453,,500
9b4d40,::1,GET,http://www.localhost/Documents/Evaluation/web/app_dev.php/,1479831482,b28b49,200
b28b49,::1,GET,http://www.localhost/Documents/Evaluation/web/app_dev.php/,1479831482,,500
ad4ce8,::1,GET,http://www.localhost/Documents/Evaluation/web/app_dev.php/,1479831488,,200
854595,::1,GET,http://www.localhost/Documents/Evaluation/web/app_dev.php/,1479831609,8be143,200
8be143,::1,GET,http://www.localhost/Documents/Evaluation/web/app_dev.php/,1479831609,,500
bf054c,::1,GET,http://www.localhost/Documents/Evaluation/web/app_dev.php/,1479831619,258542,200
258542,::1,GET,http://www.localhost/Documents/Evaluation/web/app_dev.php/,1479831619,,500
53165d,::1,GET,http://www.localhost/Documents/Evaluation/web/app_dev.php/,1479831621,493b7b,200
493b7b,::1,GET,http://www.localhost/Documents/Evaluation/web/app_dev.php/,1479831621,,500
0418d6,::1,GET,http://www.localhost/Documents/Evaluation/web/app_dev.php/,1479831654,8b5845,200
8b5845,::1,GET,http://www.localhost/Documents/Evaluation/web/app_dev.php/,1479831654,,500
509920,::1,GET,http://www.localhost/Documents/Evaluation/web/app_dev.php/,1479831691,33eba8,200
33eba8,::1,GET,http://www.localhost/Documents/Evaluation/web/app_dev.php/,1479831691,,500
7d4124,::1,GET,http://www.localhost/Documents/Evaluation/web/app_dev.php/album,1479831754,,301
22ab01,::1,GET,http://www.localhost/Documents/Evaluation/web/app_dev.php/album/,1479831755,,200
7896fb,::1,GET,http://www.localhost/Documents/Evaluation/web/app_dev.php/album/new,1479831756,,200
a4f717,::1,POST,http://www.localhost/Documents/Evaluation/web/app_dev.php/album/new,1479831779,,302
c7f1da,::1,GET,http://www.localhost/Documents/Evaluation/web/app_dev.php/album/2,1479831779,3b93cf,200
3b93cf,::1,GET,http://www.localhost/Documents/Evaluation/web/app_dev.php/album/2,1479831779,,500
a3d421,::1,GET,http://www.localhost/Documents/Evaluation/web/app_dev.php/album/2,1479831792,,200
ee8c3d,::1,GET,http://www.localhost/Documents/Evaluation/web/app_dev.php/album/2,1479831809,,200
4b494a,::1,GET,http://www.localhost/Documents/Evaluation/web/app_dev.php/album/,1479831812,964ed2,200
964ed2,::1,GET,http://www.localhost/Documents/Evaluation/web/app_dev.php/album/,1479831812,,500
ba03e8,::1,GET,http://www.localhost/Documents/Evaluation/web/app_dev.php/album/,1479831822,,200
037b93,::1,GET,http://www.localhost/Documents/Evaluation/web/app_dev.php/album/,1479831836,,200
b2a55d,::1,GET,http://www.localhost/Documents/Evaluation/web/app_dev.php/album/2,1479831839,,200
d085fb,::1,GET,http://www.localhost/Documents/Evaluation/web/app_dev.php/album/2,1479831869,,200
106ece,::1,GET,http://www.localhost/Documents/Evaluation/web/app_dev.php/album/,1479831888,,200
5d8586,::1,GET,http://www.localhost/Documents/Evaluation/web/app_dev.php/album/,1479831917,,200
21f3eb,::1,GET,http://www.localhost/Documents/Evaluation/web/app_dev.php/album/,1479831931,,200
746c80,::1,GET,http://www.localhost/Documents/Evaluation/web/app_dev.php/album/,1479831992,,200
db3667,::1,GET,http://www.localhost/Documents/Evaluation/web/app_dev.php/,1479832061,254fa1,200
254fa1,::1,GET,http://www.localhost/Documents/Evaluation/web/app_dev.php/,1479832061,,500
7a90c0,::1,GET,http://www.localhost/Documents/Evaluation/web/app_dev.php/,1479832145,df2877,200
df2877,::1,GET,http://www.localhost/Documents/Evaluation/web/app_dev.php/,1479832145,,500
ffa4b8,::1,GET,http://www.localhost/Documents/Evaluation/web/app_dev.php/,1479832193,,200
c49dd0,::1,GET,http://www.localhost/Documents/Evaluation/web/app_dev.php/,1479832335,4beda4,200
4beda4,::1,GET,http://www.localhost/Documents/Evaluation/web/app_dev.php/,1479832335,,500
d891fb,::1,GET,http://www.localhost/Documents/Evaluation/web/app_dev.php/,1479832412,9e51d7,200
9e51d7,::1,GET,http://www.localhost/Documents/Evaluation/web/app_dev.php/,1479832412,,500
77c33b,::1,GET,http://www.localhost/Documents/Evaluation/web/app_dev.php/,1479832439,9d70e0,200
9d70e0,::1,GET,http://www.localhost/Documents/Evaluation/web/app_dev.php/,1479832439,,500
b19133,::1,GET,http://www.localhost/Documents/Evaluation/web/app_dev.php/,1479832447,22e1f1,200
22e1f1,::1,GET,http://www.localhost/Documents/Evaluation/web/app_dev.php/,1479832447,,500
15c665,::1,GET,http://www.localhost/Documents/Evaluation/web/app_dev.php/,1479832459,00d774,200
00d774,::1,GET,http://www.localhost/Documents/Evaluation/web/app_dev.php/,1479832459,,500
57d4ff,::1,GET,http://www.localhost/Documents/Evaluation/web/app_dev.php/,1479832489,,200
eec457,::1,GET,http://www.localhost/Documents/Evaluation/web/app_dev.php/,1479832519,,200
a93a19,::1,GET,http://www.localhost/Documents/Evaluation/web/app_dev.php/,1479832530,,200
1d3416,::1,GET,http://www.localhost/Documents/Evaluation/web/app_dev.php/,1479832547,,200
90e1a0,::1,GET,http://www.localhost/Documents/Evaluation/web/app_dev.php/album/,1479832594,,200
5937c6,::1,GET,http://www.localhost/Documents/Evaluation/web/app_dev.php/album/2,1479832602,,200
51f601,::1,GET,http://www.localhost/Documents/Evaluation/web/app_dev.php/album/2,1479832627,,200
87d3d7,::1,GET,http://www.localhost/Documents/Evaluation/web/app_dev.php/album/,1479832880,,200
08e734,::1,GET,http://www.localhost/Documents/Evaluation/web/app_dev.php/album/2/edit,1479832904,,200
e8caec,::1,GET,http://www.localhost/Documents/Evaluation/web/app_dev.php/album/,1479832910,,200
a45a92,::1,GET,http://www.localhost/Documents/Evaluation/web/app_dev.php/album/,1479832946,,200
604ecc,::1,GET,http://www.localhost/Documents/Evaluation/web/app_dev.php/album/,1479833108,,200
2fb7ea,::1,GET,http://www.localhost/Documents/Evaluation/web/app_dev.php/album/new,1479833111,,200
fa2bbc,::1,GET,http://www.localhost/Documents/Evaluation/web/app_dev.php/album/,1479833116,,200
f88198,::1,GET,http://www.localhost/Documents/Evaluation/web/app_dev.php/album/2/edit,1479833117,,200
8731c0,::1,GET,http://www.localhost/Documents/Evaluation/web/app_dev.php/album/,1479833125,,200
d9d891,::1,GET,http://www.localhost/Documents/Evaluation/web/app_dev.php/album/2/edit,1479833136,,200
e3d7ba,::1,POST,http://www.localhost/Documents/Evaluation/web/app_dev.php/album/2/edit,1479833143,,302
debec6,::1,GET,http://www.localhost/Documents/Evaluation/web/app_dev.php/album/2/edit,1479833143,,200
dfd6bb,::1,GET,http://www.localhost/Documents/Evaluation/web/app_dev.php/album/,1479833145,,200
b376dc,::1,GET,http://www.localhost/Documents/Evaluation/web/app_dev.php/album/new,1479833150,,200
f30910,::1,GET,http://www.localhost/Documents/Evaluation/web/app_dev.php/album/new,1479833157,21522e,200
21522e,::1,POST,http://www.localhost/Documents/Evaluation/web/app_dev.php/album/new,1479833157,,500
3f9880,::1,GET,http://www.localhost/Documents/Evaluation/web/app_dev.php/album/new,1479833195,76d93c,200
76d93c,::1,POST,http://www.localhost/Documents/Evaluation/web/app_dev.php/album/new,1479833195,,500
51c69d,::1,GET,http://www.localhost/Documents/Evaluation/web/app_dev.php/album/new,1479833286,ecd200,200
ecd200,::1,POST,http://www.localhost/Documents/Evaluation/web/app_dev.php/album/new,1479833286,,500
23b2e7,::1,GET,http://www.localhost/Documents/Evaluation/web/app_dev.php/album/new,1479833343,a83604,200
a83604,::1,POST,http://www.localhost/Documents/Evaluation/web/app_dev.php/album/new,1479833343,,500
d7ca9e,::1,GET,http://www.localhost/Documents/Evaluation/web/app_dev.php/album/,1479833346,6516fe,200
6516fe,::1,GET,http://www.localhost/Documents/Evaluation/web/app_dev.php/album/,1479833346,,500
f13a5a,::1,GET,http://www.localhost/Documents/Evaluation/web/app_dev.php/album/,1479833361,360a82,200
360a82,::1,GET,http://www.localhost/Documents/Evaluation/web/app_dev.php/album/,1479833361,,500
